id,traineeId,trainerId,trainingTypeId,name,data,duration
1,389,760,916,Cuscutaceae,3/14/2023,5
2,948,705,297,Polygonaceae,10/12/2022,5
3,546,344,901,Onagraceae,2/23/2021,1
4,440,245,493,Malvaceae,1/15/2021,12
5,633,871,809,Rubiaceae,12/10/2021,11
6,60,522,897,Asteraceae,7/16/2022,1
7,87,646,229,Lycopodiaceae,11/14/2021,9
8,771,514,801,Onagraceae,10/29/2022,7
9,760,933,476,Physciaceae,8/1/2021,6
10,508,266,790,Fabaceae,3/16/2022,5
11,78,741,498,Apiaceae,6/11/2021,8
12,417,675,771,Poaceae,5/25/2021,1
13,107,897,519,Uncertain Ascomycota Family,12/13/2020,12
14,240,560,453,Fabaceae,6/13/2022,1
15,663,461,684,Crassulaceae,8/24/2023,2
16,981,398,824,Malvaceae,3/27/2023,2
17,108,834,337,Thuidiaceae,4/19/2022,4
18,204,813,2,Solanaceae,12/24/2022,11
19,626,185,702,Valerianaceae,10/20/2023,2
20,70,330,462,Amaranthaceae,6/30/2023,10
21,695,714,376,Liliaceae,4/2/2023,6
22,497,729,7,Gesneriaceae,4/18/2022,2
23,188,242,215,Cannabaceae,4/6/2021,5
24,881,273,226,Hydrophyllaceae,4/28/2022,7
25,656,868,187,Salicaceae,12/5/2021,11
26,963,322,468,Resedaceae,11/12/2020,3
27,890,218,394,Fabaceae,5/31/2023,2
28,805,590,718,Fabaceae,4/7/2022,4
29,21,397,862,Fabaceae,4/16/2021,11
30,50,406,789,Loranthaceae,5/17/2022,3
31,989,785,817,Asteraceae,10/17/2022,7
32,884,608,810,Araceae,7/26/2023,11
33,476,124,316,Fabaceae,3/10/2021,7
34,851,145,843,Cucurbitaceae,2/11/2022,8
35,345,247,567,Cyatheaceae,11/9/2020,6
36,770,588,13,Myrtaceae,12/31/2021,1
37,600,896,55,Cupressaceae,3/19/2023,2
38,352,744,817,Mniaceae,4/22/2022,1
39,229,645,210,Fabaceae,12/19/2021,12
40,540,388,724,Asteraceae,1/23/2023,6
41,731,742,225,Acarosporaceae,12/20/2020,6
42,348,431,266,Asteraceae,3/22/2022,11
43,811,63,953,Convolvulaceae,9/24/2021,10
44,62,849,715,Verrucariaceae,8/20/2022,7
45,702,306,632,Parmeliaceae,10/8/2023,4
46,301,850,514,Asteraceae,5/29/2023,8
47,68,8,819,Cucurbitaceae,8/20/2023,5
48,537,961,876,Cucurbitaceae,9/19/2021,12
49,364,190,890,Brassicaceae,10/22/2023,7
50,679,810,507,Apiaceae,7/1/2021,5
51,365,473,595,Arthopyreniaceae,6/8/2022,1
52,1,836,868,Betulaceae,9/17/2023,5
53,517,298,570,Onagraceae,6/18/2022,8
54,862,250,738,Orchidaceae,12/17/2022,7
55,371,387,439,Ramalinaceae,1/16/2022,12
56,471,273,707,Asteraceae,9/7/2022,12
57,769,701,153,Lycopodiaceae,4/14/2022,5
58,61,776,497,Valerianaceae,7/23/2023,4
59,768,159,736,Poaceae,2/6/2023,9
60,634,353,305,Pontederiaceae,6/28/2021,10
61,354,445,39,Cyperaceae,2/1/2023,3
62,925,544,285,Orchidaceae,7/16/2022,4
63,942,912,819,Sterculiaceae,9/18/2021,12
64,231,443,610,Polygalaceae,6/19/2023,10
65,945,496,171,Brassicaceae,8/24/2023,5
66,755,163,899,Ophioglossaceae,4/21/2021,12
67,674,659,317,Solanaceae,11/9/2021,12
68,533,441,603,Amaranthaceae,1/20/2022,11
69,797,493,910,Passifloraceae,1/12/2023,4
70,72,252,810,Amblystegiaceae,1/29/2022,6
71,8,766,214,Asteraceae,10/11/2021,10
72,954,765,857,Portulacaceae,10/1/2023,8
73,497,423,708,Porpidiaceae,2/24/2022,9
74,374,63,456,Acanthaceae,5/26/2022,7
75,37,709,426,Asteraceae,7/17/2022,7
76,275,806,568,Orchidaceae,7/1/2023,10
77,575,324,816,Asteraceae,5/29/2021,6
78,860,214,112,Iridaceae,3/26/2021,4
79,794,518,633,Urticaceae,11/12/2022,3
80,71,74,61,Fabaceae,6/1/2023,3
81,860,836,466,Asteraceae,10/4/2022,7
82,299,334,103,Lecanoraceae,4/15/2023,9
83,294,879,888,Bryaceae,12/9/2022,6
84,43,417,335,Pertusariaceae,11/20/2020,1
85,205,498,137,Ranunculaceae,1/16/2021,5
86,848,469,104,Valerianaceae,12/15/2020,12
87,250,343,912,Fabaceae,11/6/2022,9
88,968,28,102,Myricaceae,6/15/2022,6
89,678,372,185,Ericaceae,6/27/2021,3
90,681,764,174,Gentianaceae,7/9/2023,5
91,729,94,718,Asteraceae,8/29/2023,8
92,892,88,717,Juncaceae,5/11/2023,12
93,732,241,719,Zingiberaceae,12/23/2021,5
94,674,623,865,Lamiaceae,4/21/2021,3
95,922,237,491,Poaceae,9/18/2022,1
96,765,360,802,Caryophyllaceae,7/2/2023,6
97,656,490,472,Fagaceae,5/7/2021,8
98,25,843,884,Loasaceae,12/1/2020,3
99,615,49,742,Brassicaceae,8/12/2021,5
100,16,879,49,Grimmiaceae,3/7/2021,11
101,477,312,881,Campanulaceae,3/27/2023,9
102,487,582,507,Brassicaceae,12/19/2020,8
103,553,730,285,Rosaceae,8/27/2023,3
104,363,139,720,Urticaceae,11/5/2020,8
105,455,777,603,Caliciaceae,3/6/2022,5
106,381,316,724,Arecaceae,4/13/2022,10
107,525,819,611,Hamamelidaceae,10/29/2022,7
108,403,627,775,Malvaceae,8/18/2023,4
109,49,385,603,Rosaceae,5/12/2022,12
110,932,489,566,Dioscoreaceae,4/5/2022,10
111,519,788,516,Asteraceae,1/30/2021,4
112,511,215,756,Convolvulaceae,1/23/2022,6
113,480,22,491,Polygonaceae,3/2/2021,11
114,257,899,950,Bryaceae,9/29/2023,2
115,573,783,92,Asteraceae,5/31/2023,8
116,437,234,245,Solanaceae,6/11/2023,4
117,489,538,641,Asteraceae,4/12/2021,10
118,610,32,20,Scrophulariaceae,3/3/2022,10
119,89,435,847,Poaceae,7/18/2021,9
120,775,493,16,Saxifragaceae,2/9/2021,4
121,23,882,872,Cyperaceae,5/30/2023,12
122,189,705,200,Iridaceae,6/29/2021,9
123,419,740,793,Hydrophyllaceae,8/24/2023,5
124,799,825,115,Cistaceae,5/25/2023,8
125,15,856,100,Leitneriaceae,1/1/2021,5
126,812,64,422,Poaceae,3/13/2022,7
127,107,616,519,Isoetaceae,3/31/2022,5
128,731,434,240,Grimmiaceae,5/23/2022,7
129,993,518,858,Pertusariaceae,9/16/2023,3
130,377,731,627,Hydrophyllaceae,2/16/2023,8
131,830,206,579,Campanulaceae,5/30/2023,10
132,51,889,163,Onagraceae,12/24/2022,10
133,403,135,13,Polygonaceae,9/29/2021,12
134,863,777,299,Parmeliaceae,3/23/2021,2
135,330,406,636,Fouquieriaceae,12/1/2020,5
136,348,640,864,Porpidiaceae,7/28/2021,3
137,112,903,89,Asteraceae,10/25/2023,10
138,441,939,317,Cupressaceae,12/14/2021,10
139,835,210,558,Rosaceae,7/27/2022,6
140,838,88,655,Fabaceae,4/2/2021,7
141,638,432,185,Scrophulariaceae,3/4/2022,4
142,65,65,805,Rhizocarpaceae,3/8/2022,3
143,193,172,974,Asteraceae,4/13/2023,1
144,618,893,56,Asteraceae,1/16/2023,5
145,584,504,87,Campanulaceae,8/10/2023,4
146,992,609,553,Asteraceae,1/22/2022,6
147,900,822,742,Fabaceae,2/12/2022,6
148,294,880,988,Dioscoreaceae,8/13/2023,6
149,64,649,912,Fabaceae,9/24/2023,3
150,465,36,249,Polemoniaceae,7/11/2023,6
151,927,492,663,Asteraceae,1/21/2023,9
152,459,4,459,Myrtaceae,9/24/2021,8
153,665,723,421,Fabaceae,6/18/2022,5
154,421,584,224,Asteraceae,4/5/2022,10
155,157,617,975,Juncaceae,9/13/2022,5
156,266,933,82,Fabaceae,10/30/2022,8
157,267,211,984,Brassicaceae,8/14/2022,5
158,981,312,162,Parmeliaceae,5/18/2021,2
159,553,914,778,Asteraceae,9/4/2021,11
160,272,799,564,Cistaceae,5/12/2023,9
161,991,766,413,Polygonaceae,5/23/2022,9
162,956,628,394,Juncaceae,1/22/2023,9
163,73,830,969,Liliaceae,12/21/2022,3
164,400,811,894,Ericaceae,10/2/2022,7
165,944,205,863,Convolvulaceae,12/28/2022,10
166,731,464,518,Trapeliaceae,9/8/2021,10
167,605,368,756,Ranunculaceae,1/26/2023,5
168,599,542,28,Fabaceae,12/17/2020,9
169,664,800,936,Orchidaceae,6/30/2022,4
170,75,143,482,Ericaceae,9/14/2022,10
171,31,478,518,Ruppiaceae,9/5/2023,2
172,640,106,341,Apiaceae,9/15/2021,8
173,25,171,754,Polemoniaceae,4/16/2022,9
174,799,408,362,Poaceae,9/26/2023,5
175,551,269,618,Cladoniaceae,7/18/2023,2
176,712,425,422,Asteraceae,2/24/2021,8
177,422,460,716,Lamiaceae,5/4/2023,9
178,756,586,948,Polemoniaceae,2/10/2023,12
179,246,791,648,Scrophulariaceae,7/6/2022,2
180,715,89,973,Scrophulariaceae,3/17/2021,6
181,239,189,287,Poaceae,5/23/2023,10
182,470,957,877,Annonaceae,2/20/2022,6
183,270,898,468,Scrophulariaceae,10/24/2021,12
184,424,574,828,Asteraceae,11/1/2022,6
185,134,695,574,Rosaceae,1/24/2021,1
186,275,963,927,Aspleniaceae,3/22/2023,12
187,46,779,655,Asteraceae,9/24/2021,4
188,168,547,590,Ericaceae,5/18/2022,12
189,824,290,42,Asteraceae,5/7/2022,9
190,255,495,847,Fabaceae,7/1/2022,7
191,56,191,42,Fabaceae,11/12/2021,9
192,542,731,144,Asteraceae,7/4/2021,5
193,55,600,343,Aristolochiaceae,5/19/2023,8
194,287,588,282,Rosaceae,6/15/2021,2
195,636,460,893,Lecanoraceae,6/14/2023,1
196,287,773,551,Apiaceae,10/12/2021,7
197,244,471,355,Xyridaceae,10/20/2021,6
198,699,275,934,Arecaceae,10/26/2023,7
199,543,930,349,Myriniaceae,9/2/2021,1
200,864,347,770,Poaceae,9/28/2021,8
201,69,433,235,Graphidaceae,5/17/2023,10
202,846,504,762,Fabaceae,1/2/2021,3
203,909,145,102,Rosaceae,1/31/2022,6
204,227,206,981,Scrophulariaceae,3/21/2022,7
205,455,185,440,Cannabaceae,4/26/2023,10
206,830,283,823,Saxifragaceae,1/23/2022,3
207,239,735,780,Cyperaceae,3/8/2021,8
208,72,244,426,Dicranaceae,3/30/2022,9
209,886,829,809,Gleicheniaceae,4/24/2023,2
210,87,203,981,Grimmiaceae,2/16/2023,3
211,918,449,276,Polemoniaceae,9/7/2023,3
212,992,676,641,Rosaceae,2/4/2022,7
213,939,285,77,Boraginaceae,1/4/2021,2
214,862,340,543,Brachytheciaceae,9/22/2023,4
215,183,260,193,Fabaceae,5/23/2021,11
216,947,775,412,Nyctaginaceae,10/31/2023,12
217,352,448,850,Verrucariaceae,7/22/2021,9
218,734,633,544,Caryophyllaceae,5/24/2021,9
219,316,893,661,Solanaceae,1/13/2023,9
220,82,52,713,Apocynaceae,10/18/2022,3
221,530,705,465,Thelypteridaceae,3/7/2022,3
222,991,716,947,Caryophyllaceae,7/16/2023,1
223,77,363,775,Parmeliaceae,3/13/2021,2
224,866,526,499,Liliaceae,5/26/2023,8
225,82,383,277,Lamiaceae,5/25/2023,5
226,763,231,967,Fagaceae,2/17/2021,12
227,600,519,158,Typhaceae,11/15/2022,9
228,969,169,263,Ranunculaceae,9/8/2021,3
229,83,443,853,Rosaceae,10/24/2023,12
230,193,909,457,Apiaceae,10/18/2023,4
231,28,535,220,Poaceae,10/7/2021,9
232,564,628,564,Ericaceae,9/3/2021,7
233,826,481,296,Teloschistaceae,10/28/2023,12
234,795,544,801,Sarraceniaceae,12/24/2021,12
235,568,521,269,Papaveraceae,1/17/2021,2
236,775,861,425,Scrophulariaceae,7/21/2021,12
237,212,822,108,Asteraceae,7/30/2021,8
238,707,791,956,Zygophyllaceae,11/26/2020,3
239,897,212,241,Cyperaceae,3/2/2022,4
240,808,52,972,Rosaceae,2/11/2023,9
241,958,223,300,Loasaceae,7/7/2023,6
242,513,256,221,Asteraceae,11/12/2022,2
243,281,97,154,Cyperaceae,5/26/2023,1
244,227,11,429,Sphagnaceae,9/5/2021,2
245,174,937,50,Capparaceae,4/16/2023,2
246,116,164,84,Betulaceae,12/6/2021,11
247,985,128,45,Brassicaceae,10/10/2023,8
248,5,309,866,Cyperaceae,11/24/2022,10
249,513,91,565,Pinaceae,8/15/2023,4
250,438,207,315,Apocynaceae,1/1/2021,11
251,709,799,304,Juglandaceae,7/16/2023,2
252,426,326,814,Poaceae,12/25/2022,10
253,628,705,208,Amaranthaceae,5/5/2023,3
254,949,944,473,Solanaceae,1/27/2023,9
255,688,407,652,Myrtaceae,7/28/2022,1
256,634,713,974,Poaceae,4/25/2021,1
257,797,920,48,Bromeliaceae,6/21/2022,8
258,973,59,97,Cyrillaceae,1/13/2022,4
259,753,138,783,Asteraceae,11/30/2022,11
260,687,677,93,Cucurbitaceae,3/11/2023,8
261,349,951,2,Rosaceae,7/27/2023,7
262,188,269,237,Convolvulaceae,7/11/2021,4
263,425,352,557,Cucurbitaceae,2/24/2022,8
264,593,959,192,Ectolechiaceae,12/16/2021,11
265,574,527,53,Asteraceae,3/30/2022,1
266,111,108,448,Rosaceae,12/17/2020,5
267,282,282,345,Scrophulariaceae,8/8/2022,1
268,964,319,66,Bacidiaceae,10/21/2022,12
269,615,48,558,Apiaceae,1/23/2023,6
270,877,854,110,Clusiaceae,2/24/2023,11
271,431,758,776,Teloschistaceae,6/30/2023,8
272,96,28,178,Asteraceae,4/2/2023,8
273,843,68,258,Pannariaceae,4/6/2021,10
274,325,177,474,Collemataceae,2/28/2021,7
275,450,389,255,Liliaceae,4/15/2021,9
276,450,69,104,Anacardiaceae,6/2/2022,7
277,772,237,17,Asteraceae,8/29/2021,8
278,458,797,471,Urticaceae,12/11/2021,7
279,911,99,717,Rosaceae,10/26/2023,12
280,277,721,209,Asteraceae,4/9/2023,9
281,341,35,443,Hydrophyllaceae,12/3/2021,7
282,244,170,155,Gentianaceae,3/5/2021,5
283,655,360,276,Cactaceae,8/6/2023,3
284,303,587,117,Asteraceae,8/2/2023,10
285,972,513,145,Pannariaceae,7/20/2021,10
286,165,599,258,Gentianaceae,7/19/2023,7
287,137,382,562,Onagraceae,8/26/2022,5
288,560,753,382,Burmanniaceae,9/22/2021,7
289,180,374,930,Cactaceae,8/16/2022,4
290,822,96,258,Convolvulaceae,6/3/2022,5
291,337,125,852,Rosaceae,8/17/2022,6
292,441,777,109,Acarosporaceae,9/9/2021,12
293,903,342,542,Fumariaceae,3/18/2022,8
294,234,691,529,Physciaceae,6/27/2023,8
295,710,134,911,Umbilicariaceae,8/30/2023,12
296,131,464,40,Ranunculaceae,5/25/2021,12
297,131,67,738,Orchidaceae,5/3/2022,1
298,657,411,612,Celastraceae,8/5/2022,11
299,473,60,335,Asteraceae,10/2/2021,3
300,255,118,207,Poaceae,9/11/2021,6
301,719,893,269,Rhizocarpaceae,6/20/2023,8
302,814,14,455,Schizaeaceae,9/12/2023,1
303,468,443,751,Scrophulariaceae,8/24/2023,1
304,467,676,598,Asteraceae,3/11/2023,11
305,552,927,98,Fabaceae,9/23/2023,3
306,449,679,294,Cyperaceae,8/13/2021,11
307,524,587,384,Euphorbiaceae,3/13/2023,12
308,183,832,239,Solanaceae,9/28/2021,4
309,474,814,145,Rutaceae,2/2/2023,8
310,664,338,342,Crassulaceae,10/9/2022,5
311,549,41,13,Fabaceae,4/10/2022,2
312,500,902,138,Fabaceae,7/2/2021,11
313,460,85,863,Solanaceae,4/15/2023,7
314,705,279,819,Grimmiaceae,8/22/2022,10
315,735,363,640,Asteraceae,10/16/2021,9
316,906,542,800,Fabaceae,2/10/2022,7
317,446,736,572,Lamiaceae,7/6/2021,9
318,438,583,673,Aristolochiaceae,6/27/2023,3
319,703,529,258,Poaceae,6/2/2021,7
320,301,202,443,Bignoniaceae,10/4/2023,12
321,1,641,262,Liliaceae,12/14/2021,7
322,451,662,128,Geraniaceae,9/24/2023,12
323,102,807,443,Lamiaceae,11/14/2021,11
324,490,326,280,Rosaceae,10/18/2022,7
325,167,137,213,Cyperaceae,1/17/2023,7
326,511,172,789,Smilacaceae,5/7/2021,4
327,124,929,727,Hylocomiaceae,4/8/2022,7
328,642,406,408,Costaceae,12/30/2021,10
329,519,486,442,Scrophulariaceae,3/14/2023,7
330,389,737,460,Catoscopiaceae,12/19/2020,3
331,651,909,701,Ranunculaceae,7/16/2021,11
332,951,651,198,Loasaceae,5/4/2023,4
333,722,679,137,Rosaceae,9/26/2021,12
334,12,35,887,Poaceae,4/17/2021,4
335,424,565,588,Polygalaceae,6/19/2022,12
336,977,831,347,Euphorbiaceae,8/7/2022,1
337,354,302,711,Caliciaceae,11/9/2021,9
338,785,821,217,Cactaceae,9/21/2022,5
339,125,83,208,Oleaceae,8/10/2021,10
340,592,126,497,Meliaceae,7/14/2021,12
341,29,439,599,Poaceae,10/6/2021,7
342,54,145,53,Lecanoraceae,6/7/2022,2
343,102,139,489,Asteraceae,10/22/2022,11
344,236,173,556,Pinaceae,1/31/2021,11
345,421,662,226,Liliaceae,8/13/2022,2
346,220,598,376,Poaceae,11/18/2021,1
347,1,719,853,Cyperaceae,8/9/2023,2
348,220,691,29,Salicaceae,1/30/2023,6
349,713,708,769,Asteraceae,3/9/2022,3
350,842,181,715,Amaranthaceae,6/28/2021,10
351,544,547,405,Asteraceae,11/11/2022,7
352,422,520,561,Scrophulariaceae,3/16/2022,6
353,751,80,706,Ranunculaceae,6/23/2021,10
354,587,522,285,Asteraceae,10/16/2022,1
355,69,64,897,Polemoniaceae,6/26/2021,3
356,17,178,119,Grammitidaceae,6/7/2023,1
357,103,692,330,Apiaceae,11/13/2021,2
358,967,341,944,Boraginaceae,6/17/2021,10
359,269,493,227,Salicaceae,5/13/2021,11
360,808,531,669,Bixaceae,12/24/2022,12
361,108,603,510,Bromeliaceae,11/23/2022,6
362,570,23,30,Peltigeraceae,6/14/2022,4
363,289,120,865,Brassicaceae,8/29/2021,7
364,778,811,213,Hydrocharitaceae,12/10/2022,6
365,324,495,446,Rosaceae,10/28/2021,6
366,768,43,137,Timmiaceae,8/24/2022,4
367,147,595,134,Verrucariaceae,10/17/2021,11
368,951,912,564,Crassulaceae,6/17/2023,4
369,178,889,33,Fabaceae,5/12/2021,3
370,654,429,319,Pertusariaceae,9/23/2021,9
371,261,34,63,Hydrophyllaceae,12/11/2022,12
372,481,602,708,Onagraceae,10/26/2021,9
373,98,764,49,Asteraceae,6/8/2022,7
374,382,861,808,Polypodiaceae,9/11/2023,12
375,868,954,610,Brassicaceae,5/15/2023,1
376,337,962,997,Brassicaceae,6/26/2022,11
377,282,539,275,Pyrenulaceae,9/27/2023,3
378,942,264,527,Portulacaceae,8/16/2023,9
379,787,82,512,Pertusariaceae,11/16/2020,6
380,930,523,66,Polypodiaceae,5/30/2023,12
381,931,493,31,Trypetheliaceae,4/15/2023,12
382,693,397,815,Cyperaceae,1/19/2023,11
383,102,488,145,Acarosporaceae,9/12/2022,7
384,765,854,869,Crassulaceae,7/16/2023,5
385,356,578,658,Dryopteridaceae,8/5/2021,11
386,85,109,539,Solanaceae,6/28/2022,6
387,993,145,443,Euphorbiaceae,6/28/2023,5
388,436,660,5,Solanaceae,2/3/2021,6
389,651,782,937,Fabaceae,5/2/2023,7
390,327,881,848,Chenopodiaceae,8/7/2021,10
391,397,959,793,Anthocerotaceae,11/7/2022,7
392,725,139,205,Malvaceae,8/21/2023,1
393,410,793,930,Scrophulariaceae,1/12/2023,8
394,585,344,253,Myoporaceae,6/30/2022,11
395,382,586,781,Rutaceae,7/18/2022,2
396,989,759,918,Rosaceae,7/7/2022,9
397,727,140,587,Acanthaceae,6/25/2022,11
398,766,427,817,Poaceae,3/26/2022,9
399,809,398,754,Lamiaceae,8/29/2021,8
400,858,489,878,Onagraceae,11/22/2020,10
401,420,844,188,Fabaceae,3/13/2021,4
402,342,358,795,Cladoniaceae,7/10/2021,5
403,455,100,419,Campanulaceae,5/22/2023,7
404,79,486,823,Orobanchaceae,4/24/2022,11
405,476,959,985,Chenopodiaceae,11/15/2020,1
406,5,547,524,Fabaceae,3/7/2022,8
407,563,57,236,Fabaceae,3/26/2023,1
408,479,644,14,Lecanoraceae,11/8/2020,5
409,48,690,20,Asteraceae,10/25/2023,11
410,80,295,807,Campanulaceae,7/2/2021,1
411,906,229,455,Lecideaceae,6/3/2022,11
412,152,583,6,Scrophulariaceae,2/19/2022,8
413,35,888,313,Celastraceae,11/17/2020,12
414,515,767,140,Scrophulariaceae,10/18/2022,5
415,410,864,622,Lamiaceae,1/25/2023,6
416,667,413,808,Celastraceae,7/21/2023,8
417,106,699,632,Coniocybaceae,10/9/2023,12
418,17,419,800,Scrophulariaceae,4/16/2023,1
419,622,298,596,Rosaceae,10/29/2021,11
420,290,174,749,Fabaceae,5/2/2021,12
421,8,45,956,Aquifoliaceae,6/26/2023,7
422,690,428,585,Liliaceae,8/25/2023,8
423,360,624,482,Boraginaceae,11/18/2022,1
424,232,930,487,Rubiaceae,8/8/2023,9
425,461,671,164,Thymelaeaceae,11/4/2020,10
426,520,283,660,Myrtaceae,9/27/2022,3
427,274,512,167,Rosaceae,9/14/2021,9
428,611,847,111,Asteraceae,3/23/2023,1
429,469,449,38,Cornaceae,9/5/2023,7
430,330,858,10,Liliaceae,3/16/2023,8
431,266,171,201,Malvaceae,7/14/2021,7
432,622,835,96,Fissidentaceae,1/18/2023,10
433,92,345,505,Poaceae,1/16/2022,11
434,807,791,880,Fabaceae,5/11/2023,2
435,392,478,228,Campanulaceae,3/1/2023,6
436,754,666,751,Lauraceae,11/12/2021,2
437,958,554,897,Asteraceae,8/12/2022,7
438,229,276,877,Campanulaceae,5/15/2023,11
439,46,343,772,Agavaceae,3/15/2021,2
440,945,891,685,Asteraceae,3/15/2023,3
441,368,286,795,Liliaceae,3/17/2022,10
442,726,759,411,Primulaceae,10/14/2021,4
443,482,152,289,Dryopteridaceae,7/1/2021,12
444,363,775,716,Acarosporaceae,3/15/2021,2
445,836,585,942,Cactaceae,6/11/2022,6
446,579,615,264,Dryopteridaceae,2/18/2023,11
447,613,720,260,Rosaceae,10/5/2021,3
448,791,551,628,Polemoniaceae,9/29/2023,12
449,631,951,122,Lamiaceae,8/6/2021,8
450,587,640,213,Rosaceae,11/26/2020,3
451,66,19,912,Poaceae,7/17/2023,9
452,258,727,538,Asteraceae,9/29/2021,1
453,276,462,401,Cyperaceae,5/16/2022,6
454,579,362,98,Monoblastiaceae,3/10/2021,10
455,653,370,322,Iridaceae,1/9/2023,4
456,755,909,50,Asteraceae,9/30/2022,11
457,834,123,208,Rosaceae,5/6/2022,11
458,789,56,718,Fabaceae,11/20/2022,9
459,907,382,589,Apiaceae,8/27/2023,9
460,21,878,289,Caryophyllaceae,12/2/2020,9
461,160,687,223,Lamiaceae,8/17/2021,10
462,36,868,564,Opegraphaceae,11/12/2021,7
463,430,949,942,Poaceae,2/9/2021,3
464,409,752,323,Fabaceae,6/18/2021,12
465,208,573,333,Caryophyllaceae,12/30/2021,11
466,953,806,584,Rosaceae,6/2/2022,1
467,784,529,56,Pteridaceae,2/13/2022,5
468,555,61,811,Selaginellaceae,9/22/2021,3
469,937,335,136,Collemataceae,4/8/2021,3
470,677,774,683,Caryophyllaceae,10/24/2023,12
471,679,32,92,Liliaceae,10/5/2022,9
472,595,282,604,Fabaceae,1/31/2023,1
473,983,874,396,Acarosporaceae,7/7/2023,10
474,251,870,298,Arthoniaceae,5/8/2023,2
475,976,785,864,Polygonaceae,9/30/2021,10
476,157,609,963,Fabaceae,11/18/2020,1
477,772,489,403,Pteridaceae,9/12/2022,8
478,537,353,564,Pteridaceae,11/25/2022,2
479,662,816,106,Poaceae,3/8/2022,4
480,856,553,226,Fabaceae,10/23/2023,5
481,545,370,303,Bacidiaceae,11/29/2020,1
482,412,323,820,Liliaceae,3/8/2021,3
483,545,407,888,Polygonaceae,1/11/2023,6
484,13,520,608,Polygalaceae,10/15/2022,7
485,795,785,86,Polemoniaceae,9/19/2023,7
486,734,953,99,Polemoniaceae,11/9/2021,12
487,890,659,989,Scrophulariaceae,10/14/2021,11
488,751,900,525,Grammitidaceae,6/4/2023,11
489,257,832,120,Rosaceae,6/12/2022,8
490,484,869,83,Polygonaceae,7/21/2023,10
491,240,886,168,Verrucariaceae,6/9/2021,8
492,369,38,267,Juncaceae,4/18/2021,5
493,294,777,446,Asteraceae,2/2/2022,3
494,660,324,739,Saxifragaceae,7/12/2021,5
495,270,829,923,Asteraceae,8/15/2021,3
496,286,750,720,Rutaceae,6/17/2021,5
497,267,895,757,Ericaceae,8/10/2023,11
498,890,700,505,Melastomataceae,12/4/2022,4
499,743,440,747,Polypodiaceae,1/20/2022,12
500,652,802,75,Poaceae,4/7/2021,2
501,319,217,152,Poaceae,1/23/2021,11
502,409,230,415,Brassicaceae,6/23/2023,5
503,426,351,634,Bromeliaceae,5/23/2023,1
504,673,622,973,Agyriaceae,12/31/2022,11
505,475,267,338,Cyperaceae,12/16/2021,5
506,690,200,509,Liliaceae,6/6/2023,10
507,67,541,284,Ranunculaceae,6/19/2023,4
508,812,144,963,Poaceae,7/6/2021,6
509,411,810,405,Rubiaceae,7/15/2022,12
510,832,354,250,Asteraceae,10/15/2022,6
511,699,558,639,Lythraceae,12/16/2022,10
512,11,455,319,Lamiaceae,4/12/2022,3
513,207,23,943,Poaceae,6/20/2021,6
514,104,343,204,Betulaceae,6/12/2022,5
515,748,102,938,Poaceae,9/24/2023,11
516,291,668,889,Caryophyllaceae,4/15/2021,5
517,736,454,255,Asteraceae,8/25/2023,3
518,725,957,795,Arecaceae,3/27/2021,9
519,619,841,747,Salicaceae,6/23/2023,4
520,261,911,537,Thymelaeaceae,5/17/2022,3
521,505,655,232,Gentianaceae,9/27/2021,5
522,877,47,902,Asteraceae,9/26/2022,1
523,494,461,597,Poaceae,12/30/2021,1
524,147,718,336,Ditrichaceae,10/16/2021,7
525,457,65,577,Hydrophyllaceae,5/3/2021,8
526,701,779,387,Boraginaceae,10/26/2023,5
527,620,796,684,Fabaceae,2/14/2022,2
528,632,398,850,Cactaceae,9/18/2023,2
529,481,600,356,Orchidaceae,9/5/2022,11
530,507,488,924,Stereocaulaceae,8/12/2021,11
531,209,491,468,Santalaceae,6/3/2022,12
532,907,763,50,Cactaceae,8/3/2021,9
533,710,358,624,Dryopteridaceae,9/17/2023,7
534,989,745,24,Oxalidaceae,1/6/2023,7
535,940,953,569,Solanaceae,4/14/2021,9
536,822,316,511,Poaceae,12/18/2022,1
537,293,124,260,Lamiaceae,12/29/2020,5
538,821,549,205,Boraginaceae,4/10/2021,3
539,973,695,679,Fabaceae,5/4/2023,3
540,461,268,98,Arecaceae,7/10/2021,9
541,429,845,309,Malvaceae,4/26/2021,10
542,14,287,159,Pedaliaceae,3/13/2023,7
543,92,900,924,Hypnaceae,11/24/2022,9
544,77,367,306,Rosaceae,10/21/2022,4
545,575,888,923,Peltigeraceae,4/9/2023,3
546,629,461,821,Asteraceae,4/2/2022,6
547,467,570,713,Polygonaceae,11/10/2020,4
548,260,859,914,Polygonaceae,8/23/2021,9
549,789,158,399,Campanulaceae,10/3/2023,7
550,349,861,862,Fabaceae,10/16/2023,4
551,61,612,759,Poaceae,10/23/2023,5
552,317,509,924,Solanaceae,3/2/2021,5
553,386,435,798,Rosaceae,3/20/2023,3
554,728,56,191,Ericaceae,10/21/2022,1
555,81,658,57,Rosaceae,2/18/2023,2
556,21,446,225,Pertusariaceae,8/18/2022,7
557,437,153,485,Parmeliaceae,1/26/2021,7
558,487,576,647,Poaceae,1/4/2023,9
559,903,925,596,Fabaceae,5/28/2023,6
560,48,347,731,Azollaceae,7/25/2021,12
561,108,651,21,Lecideaceae,1/30/2023,2
562,452,328,513,Asteraceae,5/8/2021,3
563,554,192,601,Anacardiaceae,2/8/2023,1
564,849,314,111,Valerianaceae,10/10/2023,8
565,73,468,900,Fabaceae,1/12/2023,12
566,961,139,832,Asteraceae,6/15/2021,9
567,643,302,66,Convolvulaceae,10/1/2022,3
568,947,908,60,Cactaceae,3/24/2022,5
569,348,534,781,Scrophulariaceae,8/5/2021,2
570,655,673,782,Rhamnaceae,8/29/2023,4
571,158,506,145,Scrophulariaceae,12/22/2020,5
572,657,955,439,Campanulaceae,11/20/2021,11
573,220,680,748,Loasaceae,10/15/2023,1
574,110,537,902,Lecideaceae,6/26/2022,4
575,616,698,607,Arthoniaceae,11/25/2020,4
576,366,745,206,Liliaceae,4/1/2023,9
577,237,855,533,Elatinaceae,4/13/2021,10
578,401,268,600,Pedaliaceae,2/16/2022,8
579,63,928,969,Liliaceae,3/29/2022,6
580,929,59,908,Verrucariaceae,1/27/2023,5
581,524,85,417,Papaveraceae,1/3/2021,10
582,544,726,791,Acanthaceae,9/26/2021,2
583,970,935,964,Hydrangeaceae,6/16/2023,3
584,421,588,272,Acarosporaceae,2/1/2021,7
585,414,690,575,Cyperaceae,6/3/2022,8
586,437,684,49,Acarosporaceae,1/3/2021,10
587,295,818,596,Arecaceae,4/13/2023,9
588,738,356,477,Liliaceae,2/24/2021,9
589,971,659,31,Asteraceae,8/29/2021,11
590,5,102,184,Cladoniaceae,4/27/2021,6
591,930,171,674,Malvaceae,9/21/2022,9
592,486,352,797,Liliaceae,10/29/2021,4
593,981,49,439,Poaceae,5/20/2023,11
594,584,97,671,Parmeliaceae,11/12/2021,2
595,310,47,696,Asteraceae,6/23/2023,9
596,393,136,264,Poaceae,11/8/2021,9
597,258,715,372,Lamiaceae,10/13/2022,2
598,534,925,597,Saxifragaceae,8/25/2021,7
599,79,255,335,Asteraceae,6/20/2022,3
600,132,426,324,Oxalidaceae,3/1/2022,3
601,978,898,790,Myrtaceae,1/2/2021,12
602,701,870,176,Poaceae,2/17/2021,7
603,702,686,558,Leptodontaceae,7/26/2021,7
604,898,687,981,Poaceae,5/11/2023,4
605,193,76,666,Poaceae,8/10/2022,12
606,706,551,566,Asteraceae,7/13/2022,3
607,304,544,410,Poaceae,3/15/2022,5
608,577,920,142,Lecideaceae,1/29/2022,12
609,977,21,522,Chenopodiaceae,10/10/2021,8
610,898,311,727,Asteraceae,12/17/2021,6
611,433,707,73,Polemoniaceae,11/18/2022,10
612,872,359,131,Parmeliaceae,9/21/2022,9
613,285,245,219,Cyperaceae,4/8/2022,8
614,43,786,309,Brassicaceae,9/20/2022,9
615,941,114,670,Asteraceae,8/12/2023,8
616,553,488,632,Fabaceae,9/21/2021,6
617,716,7,47,Iridaceae,3/31/2023,9
618,694,184,274,Graphidaceae,6/13/2023,11
619,204,207,658,Dennstaedtiaceae,4/14/2023,8
620,697,438,362,Annonaceae,2/21/2021,1
621,267,370,958,Boraginaceae,12/29/2022,3
622,973,141,98,Pottiaceae,2/12/2022,12
623,385,920,758,Apiaceae,12/14/2020,12
624,723,864,864,Rosaceae,8/16/2022,8
625,531,309,291,Caryophyllaceae,2/17/2023,11
626,448,63,396,Arecaceae,3/4/2023,4
627,631,321,26,Cactaceae,3/15/2022,11
628,825,414,581,Acarosporaceae,7/14/2021,12
629,401,461,12,Passifloraceae,7/20/2022,4
630,985,422,622,Bacidiaceae,4/28/2021,5
631,462,178,632,Solanaceae,3/21/2022,12
632,879,864,437,Asteraceae,6/18/2021,4
633,622,616,873,Pteridaceae,4/5/2022,2
634,490,601,355,Santalaceae,7/22/2021,3
635,579,447,624,Verrucariaceae,8/30/2021,6
636,411,326,277,Bacidiaceae,4/11/2023,10
637,115,527,449,Gesneriaceae,2/2/2022,12
638,494,769,53,Rosaceae,2/11/2023,10
639,616,379,383,Ranunculaceae,1/22/2023,5
640,834,507,166,Lamiaceae,2/19/2023,11
641,747,610,745,Cuscutaceae,3/17/2023,11
642,611,578,927,Salicaceae,3/22/2021,10
643,428,331,740,Convolvulaceae,11/18/2021,8
644,906,897,341,Ericaceae,3/28/2022,10
645,571,286,484,Ectolechiaceae,5/1/2021,9
646,408,386,703,Orthotrichaceae,11/19/2021,12
647,236,91,901,Parmeliaceae,1/1/2022,4
648,769,821,418,Dryopteridaceae,11/16/2022,4
649,453,382,168,Liliaceae,4/14/2023,6
650,319,902,831,Asteraceae,5/5/2022,12
651,510,948,304,Oxalidaceae,12/19/2022,7
652,886,232,568,Apocynaceae,2/13/2021,2
653,919,495,878,Acanthaceae,9/24/2023,3
654,585,126,301,Brassicaceae,8/31/2022,9
655,611,684,997,Chenopodiaceae,1/25/2023,4
656,451,113,208,Asteraceae,5/1/2022,9
657,947,849,911,Cactaceae,7/28/2023,10
658,419,783,734,Baeomycetaceae,2/4/2021,4
659,258,29,756,Physciaceae,1/2/2023,6
660,715,599,602,Fabaceae,5/29/2023,3
661,856,556,795,Papaveraceae,12/10/2022,11
662,400,285,353,Cyperaceae,10/19/2023,11
663,664,75,242,Rosaceae,7/13/2021,4
664,476,126,752,Cyperaceae,5/7/2022,1
665,791,393,958,Rosaceae,6/6/2021,6
666,648,367,940,Asteraceae,3/9/2022,1
667,890,396,256,Polemoniaceae,6/20/2022,3
668,182,47,974,Asteraceae,7/21/2023,6
669,950,108,943,Acanthaceae,6/30/2023,8
670,108,780,180,Asteraceae,6/4/2021,3
671,624,399,361,Poaceae,8/25/2021,11
672,2,665,708,Sterculiaceae,4/11/2022,9
673,835,918,701,Leskeaceae,11/19/2020,11
674,907,422,312,Fabaceae,11/6/2021,6
675,821,484,292,Dicranaceae,3/3/2022,8
676,853,808,843,Asteraceae,5/26/2022,1
677,719,530,940,Crassulaceae,8/31/2023,10
678,87,748,82,Crassulaceae,1/9/2021,11
679,798,778,602,Ericaceae,11/21/2021,10
680,903,71,290,Orchidaceae,1/16/2021,11
681,934,958,489,Scrophulariaceae,2/5/2023,3
682,845,223,881,Euphorbiaceae,10/20/2023,3
683,980,141,57,Bryaceae,6/16/2023,9
684,693,364,36,Ptychomitriaceae,2/9/2022,5
685,696,812,175,Malpighiaceae,8/11/2023,11
686,565,111,333,Polemoniaceae,2/10/2023,3
687,704,312,548,Apocynaceae,10/12/2021,6
688,775,31,439,Boraginaceae,10/19/2022,9
689,732,632,573,Onagraceae,4/18/2021,12
690,936,730,304,Onagraceae,3/19/2022,6
691,129,622,824,Poaceae,8/21/2021,6
692,989,757,854,Asteraceae,9/19/2023,12
693,374,390,408,Scrophulariaceae,8/8/2021,10
694,224,163,720,Euphorbiaceae,6/22/2021,9
695,552,226,31,Poaceae,4/11/2022,3
696,396,764,41,Solanaceae,3/18/2022,7
697,608,533,83,Polygonaceae,3/22/2023,5
698,204,326,8,Asteraceae,7/24/2022,5
699,636,69,96,Asclepiadaceae,12/14/2021,2
700,624,91,532,Ericaceae,10/5/2023,7
701,7,375,836,Anacardiaceae,3/2/2023,1
702,221,674,770,Oleaceae,9/4/2021,11
703,600,968,501,Asteraceae,12/7/2021,1
704,948,423,373,Parmeliaceae,9/12/2021,1
705,162,253,171,Lauraceae,6/7/2023,7
706,871,568,372,Liliaceae,2/26/2022,7
707,867,905,82,Cyperaceae,1/21/2022,11
708,399,495,685,Rhamnaceae,4/22/2021,11
709,60,488,83,Brassicaceae,8/12/2021,10
710,722,726,392,Hypnaceae,7/19/2021,9
711,839,425,157,Parmeliaceae,4/11/2023,2
712,638,344,962,Liliaceae,10/26/2021,6
713,490,263,293,Lycopodiaceae,10/21/2023,10
714,297,626,964,Fabaceae,10/17/2023,7
715,745,504,894,Poaceae,7/21/2023,2
716,508,647,235,Isoetaceae,1/5/2021,3
717,50,99,857,Onagraceae,7/15/2022,1
718,389,325,902,Hydrophyllaceae,4/13/2021,11
719,310,540,955,Asteraceae,8/29/2022,2
720,755,61,800,Coniocybaceae,7/3/2021,12
721,935,473,721,Cyperaceae,1/11/2022,10
722,744,870,771,Hippuridaceae,4/2/2021,2
723,969,93,346,Poaceae,1/10/2021,12
724,930,299,617,Apiaceae,11/3/2020,10
725,106,38,192,Onagraceae,5/24/2023,9
726,851,145,69,Asteraceae,10/18/2021,4
727,719,822,641,Acanthaceae,6/20/2023,6
728,915,20,826,Fabaceae,2/14/2023,10
729,505,100,801,Polemoniaceae,5/23/2021,4
730,351,21,737,Papaveraceae,5/16/2021,3
731,82,368,2,Euphorbiaceae,9/7/2022,1
732,200,32,670,Fabaceae,3/31/2022,12
733,864,686,418,Rubiaceae,2/12/2021,9
734,503,359,874,Cactaceae,11/7/2022,11
735,205,88,69,Oleaceae,10/18/2022,3
736,449,331,246,Fagaceae,12/5/2022,5
737,151,724,664,Asteraceae,3/3/2023,8
738,599,431,579,Cactaceae,12/29/2022,6
739,782,916,105,Cyperaceae,8/24/2023,12
740,575,646,651,Primulaceae,11/8/2020,6
741,791,176,802,Fabaceae,6/25/2022,10
742,953,456,674,Scrophulariaceae,6/19/2021,2
743,479,949,545,Parmeliaceae,9/18/2021,9
744,762,297,16,Hydrophyllaceae,12/26/2020,5
745,19,667,955,Chenopodiaceae,8/3/2022,6
746,24,905,190,Asteraceae,3/20/2023,8
747,673,572,15,Liliaceae,10/28/2022,2
748,768,932,270,Polemoniaceae,4/20/2021,9
749,976,233,674,Brassicaceae,9/19/2022,3
750,954,633,469,Portulacaceae,9/16/2023,6
751,221,892,222,Fabaceae,12/25/2021,7
752,821,541,942,Fabaceae,9/30/2023,3
753,513,264,281,Scrophulariaceae,3/24/2022,2
754,229,956,670,Liliaceae,3/9/2022,12
755,99,79,349,Scrophulariaceae,10/30/2022,12
756,533,162,362,Cucurbitaceae,12/1/2020,3
757,382,199,199,Orchidaceae,7/20/2022,1
758,294,803,614,Apiaceae,5/28/2022,12
759,217,26,504,Polygonaceae,10/19/2022,8
760,854,565,796,Euphorbiaceae,10/15/2023,9
761,718,376,132,Fabaceae,3/6/2021,7
762,526,963,766,Liliaceae,10/1/2023,2
763,939,288,814,Fabaceae,6/15/2023,12
764,12,358,915,Vitaceae,2/28/2021,6
765,614,940,269,Physciaceae,11/18/2020,8
766,727,672,248,Orchidaceae,10/23/2021,1
767,287,927,348,Rubiaceae,10/10/2022,5
768,277,207,17,Poaceae,6/23/2021,2
769,339,593,798,Scrophulariaceae,11/8/2021,4
770,83,263,702,Lauraceae,12/18/2020,11
771,46,612,307,Fabaceae,12/2/2020,1
772,785,500,584,Myrtaceae,10/25/2021,7
773,334,928,808,Fabaceae,4/6/2023,2
774,87,660,658,Lamiaceae,7/3/2022,2
775,802,152,47,Graphidaceae,10/27/2022,7
776,387,664,187,Parmeliaceae,12/18/2022,4
777,556,504,92,Bryaceae,8/18/2022,8
778,98,78,6,Amaranthaceae,11/20/2021,10
779,789,335,727,Asteraceae,2/16/2023,3
780,822,687,991,Asteraceae,8/1/2022,8
781,96,720,953,Amblystegiaceae,6/19/2022,7
782,981,216,586,Euphorbiaceae,7/22/2021,5
783,775,477,184,Asteraceae,4/17/2023,12
784,626,666,866,Poaceae,8/23/2021,4
785,623,860,302,Caryophyllaceae,12/14/2021,4
786,53,916,907,Fabaceae,5/13/2022,12
787,941,222,611,Campanulaceae,11/17/2022,2
788,732,107,551,Rosaceae,6/19/2023,8
789,419,88,577,Verrucariaceae,8/15/2023,3
790,311,701,486,Betulaceae,5/30/2022,5
791,643,766,155,Scrophulariaceae,4/13/2023,9
792,993,93,902,Stereocaulaceae,9/11/2021,6
793,995,354,495,Cryphaeaceae,6/27/2023,5
794,404,174,281,Dicranaceae,7/18/2022,6
795,181,387,388,Lecythidaceae,2/15/2021,1
796,89,247,372,Turneraceae,3/25/2021,9
797,738,852,157,Cyperaceae,11/21/2022,6
798,816,693,120,Ericaceae,3/20/2023,12
799,155,615,864,Chenopodiaceae,12/25/2022,4
800,93,21,794,Grimmiaceae,6/19/2023,3
801,779,592,259,Primulaceae,12/8/2022,5
802,854,556,480,Cladoniaceae,6/28/2022,4
803,716,910,123,Fabaceae,4/8/2023,10
804,220,868,435,Ericaceae,7/13/2021,10
805,255,416,301,Primulaceae,9/16/2021,1
806,270,201,75,Cucurbitaceae,4/15/2023,12
807,819,185,603,Gentianaceae,12/27/2020,7
808,945,293,366,Asteraceae,7/28/2023,5
809,844,624,182,Rhizocarpaceae,11/6/2021,6
810,203,958,741,Liliaceae,1/5/2021,2
811,171,147,158,Ramalinaceae,3/7/2023,11
812,100,877,768,Rosaceae,12/29/2022,4
813,995,164,217,Caryophyllaceae,1/30/2022,10
814,282,942,132,Juncaceae,9/24/2023,11
815,340,165,170,Cyperaceae,10/15/2022,11
816,232,453,994,Cucurbitaceae,8/2/2021,1
817,978,159,967,Scrophulariaceae,3/20/2023,8
818,817,66,872,Crossosomataceae,8/30/2022,11
819,474,758,503,Thymelaeaceae,9/13/2022,2
820,260,636,650,Cucurbitaceae,9/27/2022,1
821,823,34,686,Cactaceae,8/10/2021,9
822,652,132,735,Erythroxylaceae,9/11/2023,1
823,581,179,693,Brachytheciaceae,9/26/2021,4
824,582,748,741,Pandanaceae,9/3/2021,11
825,401,399,754,Euphorbiaceae,10/9/2022,2
826,338,257,659,Polemoniaceae,1/10/2022,4
827,797,964,917,Pteridaceae,10/7/2022,4
828,107,469,419,Urticaceae,4/20/2021,3
829,361,905,541,Cyperaceae,8/27/2021,11
830,904,379,189,Asteraceae,7/16/2022,1
831,871,31,967,Rubiaceae,8/30/2023,10
832,407,180,167,Asteraceae,2/14/2023,8
833,567,629,127,Physciaceae,5/13/2021,9
834,801,901,738,Cucurbitaceae,7/18/2023,6
835,278,277,797,Rutaceae,11/21/2021,2
836,503,357,962,Fabaceae,12/18/2021,8
837,651,92,706,Grimmiaceae,3/13/2022,8
838,447,409,170,Asteraceae,5/4/2022,12
839,895,402,424,Acarosporaceae,2/13/2022,9
840,85,254,381,Theaceae,12/12/2020,1
841,912,32,592,Funariaceae,2/9/2022,6
842,161,890,50,Lobariaceae,8/7/2021,1
843,750,905,273,Asteraceae,4/14/2022,9
844,395,837,992,Proteaceae,3/26/2021,1
845,339,942,545,Rubiaceae,3/2/2022,6
846,972,447,856,Cyperaceae,9/19/2021,4
847,725,913,129,Crassulaceae,10/23/2021,10
848,846,146,108,Cyperaceae,7/15/2021,5
849,850,695,549,Rosaceae,12/16/2022,11
850,416,605,241,Caryophyllaceae,8/4/2021,10
851,726,434,738,Liliaceae,9/28/2022,8
852,390,561,566,Solanaceae,3/20/2021,3
853,323,432,531,Ericaceae,4/12/2022,1
854,404,653,425,Cupressaceae,9/17/2021,3
855,618,409,271,Asteraceae,1/26/2021,12
856,439,777,756,Brachytheciaceae,10/2/2021,9
857,214,417,885,Asteraceae,2/11/2023,10
858,302,199,17,Liliaceae,4/18/2022,2
859,534,136,509,Araceae,4/26/2023,12
860,739,220,19,Sapotaceae,8/20/2022,1
861,351,272,402,Scrophulariaceae,8/1/2021,12
862,579,790,583,Fabaceae,11/9/2020,1
863,169,538,625,Ericaceae,3/9/2023,4
864,246,61,984,Gyalectaceae,8/14/2021,4
865,11,90,553,Cyperaceae,11/17/2022,7
866,66,245,199,Parmeliaceae,10/24/2021,1
867,476,241,751,Lamiaceae,2/24/2021,4
868,432,107,904,Liliaceae,7/3/2023,3
869,586,687,862,Polygonaceae,3/23/2022,3
870,161,179,156,Polygonaceae,9/12/2023,12
871,746,953,999,Verbenaceae,3/28/2023,6
872,47,151,710,Scrophulariaceae,9/9/2021,9
873,225,502,159,Rosaceae,5/31/2021,11
874,104,676,767,Aspleniaceae,9/8/2023,5
875,128,664,244,Solanaceae,1/31/2022,6
876,677,873,928,Asteraceae,10/12/2021,2
877,529,634,862,Saxifragaceae,5/21/2022,8
878,142,653,579,Rubiaceae,11/7/2020,5
879,648,250,561,Nyctaginaceae,5/20/2021,3
880,954,721,671,Euphorbiaceae,3/13/2021,4
881,947,580,937,Pteridaceae,12/11/2020,11
882,664,381,148,Caryophyllaceae,2/18/2022,6
883,750,797,678,Chenopodiaceae,10/26/2023,12
884,450,607,617,Rosaceae,7/17/2021,4
885,805,341,150,Liliaceae,5/6/2023,2
886,391,564,215,Myrtaceae,10/13/2023,9
887,464,570,10,Asteraceae,9/16/2021,7
888,634,550,660,Fabaceae,6/28/2023,2
889,75,260,212,Betulaceae,3/22/2023,1
890,154,850,583,Rhamnaceae,10/4/2021,2
891,357,914,809,Cladoniaceae,5/18/2022,6
892,471,949,14,Pittosporaceae,8/24/2022,3
893,732,322,936,Campanulaceae,1/22/2022,7
894,264,128,840,Gnetaceae,7/3/2021,6
895,902,441,533,Solanaceae,4/14/2022,3
896,362,557,908,Asclepiadaceae,10/8/2023,11
897,103,644,803,Polygonaceae,11/17/2020,11
898,816,733,634,Ephedraceae,7/13/2023,1
899,186,266,942,Poaceae,11/8/2020,5
900,862,182,948,Asteraceae,9/16/2023,4
901,55,610,182,Myrsinaceae,6/27/2023,7
902,405,180,596,Brassicaceae,5/6/2023,8
903,93,893,122,Apiaceae,11/9/2021,8
904,337,346,809,Poaceae,5/31/2022,3
905,326,433,699,Asteraceae,8/9/2022,9
906,855,325,790,Portulacaceae,6/16/2021,5
907,259,955,103,Asteraceae,2/7/2022,3
908,337,643,839,Pteridaceae,3/16/2022,1
909,845,60,518,Asteraceae,4/29/2021,4
910,2,2,346,Capparaceae,12/1/2020,1
911,786,354,473,Caryophyllaceae,9/10/2023,3
912,962,931,173,Goodeniaceae,1/8/2021,3
913,41,692,780,Arecaceae,8/6/2022,10
914,682,106,226,Fabaceae,2/11/2021,7
915,661,843,463,Apiaceae,10/7/2022,3
916,266,239,552,Funariaceae,1/21/2022,8
917,821,585,682,Pterobryaceae,4/7/2021,4
918,795,736,383,Asclepiadaceae,2/2/2022,6
919,775,455,616,Polygonaceae,12/30/2021,1
920,201,283,614,Polemoniaceae,2/19/2022,5
921,385,209,658,Polemoniaceae,5/7/2023,9
922,484,314,350,Asteraceae,4/30/2021,6
923,318,775,707,Scrophulariaceae,2/6/2023,4
924,264,919,838,Fabaceae,2/6/2022,10
925,636,424,681,Cyperaceae,9/23/2022,7
926,111,248,72,Andreaeobryaceae,1/5/2021,6
927,729,730,624,Poaceae,9/25/2023,9
928,587,814,448,Asteraceae,5/31/2022,1
929,453,584,52,Fabaceae,9/4/2021,3
930,171,945,231,Lecythidaceae,2/26/2022,9
931,951,174,43,Liliaceae,3/31/2023,11
932,602,897,679,Uncertain Ascomycota Family,4/9/2023,1
933,781,37,41,Zingiberaceae,6/23/2023,8
934,770,221,62,Passifloraceae,6/24/2022,7
935,788,28,321,Caryophyllaceae,1/1/2023,1
936,208,246,627,Brassicaceae,6/26/2023,12
937,88,771,394,Lamiaceae,3/28/2023,11
938,636,811,232,Brassicaceae,3/3/2022,9
939,257,228,965,Asteraceae,10/6/2021,2
940,807,550,747,Cyperaceae,6/22/2021,9
941,559,268,974,Brassicaceae,2/22/2021,10
942,201,28,246,Poaceae,5/6/2021,8
943,609,790,476,Splachnobryaceae,9/4/2022,9
944,529,146,484,Lichinaceae,9/21/2021,3
945,167,617,123,Hymenophyllaceae,6/27/2021,11
946,158,285,471,Polemoniaceae,2/27/2023,9
947,248,724,484,Alectoriaceae,12/5/2020,2
948,611,108,683,Asteraceae,2/21/2021,11
949,660,165,591,Hydrophyllaceae,5/31/2021,7
950,840,68,939,Poaceae,11/30/2022,1
951,117,317,18,Cyperaceae,5/20/2022,10
952,95,665,601,Brassicaceae,2/17/2023,3
953,255,550,915,Mniaceae,10/28/2022,5
954,373,967,421,Fabaceae,3/13/2023,9
955,444,680,932,Araceae,12/6/2022,7
956,215,858,328,Rhamnaceae,9/9/2022,4
957,803,384,726,Convolvulaceae,2/5/2021,11
958,865,628,688,Scrophulariaceae,12/30/2021,10
959,351,847,901,Myrtaceae,11/2/2022,5
960,979,542,146,Lamiaceae,2/10/2022,3
961,228,509,982,Cyperaceae,3/16/2022,10
962,702,722,318,Fabaceae,12/29/2022,6
963,734,366,196,Physciaceae,6/8/2023,2
964,45,545,912,Fabaceae,5/16/2022,11
965,918,887,166,Fabaceae,2/1/2021,10
966,693,223,425,Brassicaceae,6/3/2023,12
967,276,71,610,Poaceae,12/5/2020,11
968,997,210,150,Amaranthaceae,6/24/2021,11
969,275,623,166,Rubiaceae,3/6/2021,7
970,50,886,319,Rosaceae,11/13/2022,2
971,710,326,66,Brassicaceae,12/6/2021,4
972,755,212,253,Pottiaceae,1/3/2021,9
973,403,490,79,Caryophyllaceae,8/7/2022,6
974,595,174,1,Salicaceae,8/15/2023,10
975,646,523,369,Ranunculaceae,1/30/2021,12
976,196,457,190,Aspleniaceae,11/6/2022,12
977,242,837,461,Caliciaceae,11/19/2022,5
978,197,220,83,Polemoniaceae,5/25/2022,11
979,792,592,448,Rubiaceae,6/26/2021,10
980,235,612,912,Scrophulariaceae,10/13/2023,11
981,205,756,245,Fabaceae,3/28/2023,3
982,1,553,290,Poaceae,3/27/2021,7
983,215,28,359,Liliaceae,1/25/2022,8
984,939,275,189,Scrophulariaceae,3/4/2021,9
985,554,139,627,Grammitidaceae,5/19/2022,4
986,551,743,690,Asteraceae,7/27/2023,10
987,721,616,542,Rosaceae,8/12/2023,10
988,524,929,5,Cistaceae,8/19/2021,3
989,318,80,767,Asteraceae,7/21/2021,12
990,540,503,25,Asteraceae,2/22/2021,7
991,293,934,941,Andreaeobryaceae,8/30/2021,4
992,414,201,607,Asteraceae,3/27/2021,5
993,734,411,525,Poaceae,12/19/2022,5
994,54,589,775,Lamiaceae,4/3/2023,1
995,522,799,674,Cyperaceae,2/25/2022,6
996,131,510,650,Poaceae,5/4/2022,3
997,317,403,492,Rubiaceae,7/8/2023,11
998,822,671,877,Asteraceae,7/20/2023,1
999,801,348,818,Caprifoliaceae,2/20/2023,11
1000,182,615,875,Cyperaceae,9/12/2022,3
